syscall	backend	sample	iterations	elapsed_ns	ns_per_syscall
getpid	native	1	328703	22599703	68.754173
getpid	native	2	657406	44997861	68.447597
getpid	native	3	986109	68389950	69.353337
getpid	native	4	1314812	91158859	69.332238
getpid	native	5	1643515	116850394	71.097857
getpid	native	6	1972218	140165398	71.069931
getpid	native	7	2300921	169780823	73.788202
getpid	native	8	2629624	194275930	73.879737
getpid	native	9	2958327	216152620	73.065831
getpid	native	10	3287030	239925384	72.991541
getpid	native	11	3615733	263778931	72.953100
getpid	native	12	3944436	287610596	72.915518
getpid	native	13	4273139	311334828	72.858577
getpid	native	14	4601842	333998497	72.579306
getpid	native	15	4930545	340623249	69.084300
getpid	native	16	5259248	358926489	68.246732
getpid	native	17	5587951	380867796	68.158757
getpid	native	18	5916654	401597763	67.875824
getpid	native	19	6245357	419511344	67.171716
getpid	native	20	6574060	440927127	67.070749
getpid	gvisor-systrap	1	3262	24322966	7456.458001
getpid	gvisor-systrap	2	6524	48094940	7372.001839
getpid	gvisor-systrap	3	9786	70818870	7236.753525
getpid	gvisor-systrap	4	13048	96535832	7398.515635
getpid	gvisor-systrap	5	16310	117734958	7218.574985
getpid	gvisor-systrap	6	19572	143919046	7353.313203
getpid	gvisor-systrap	7	22834	167544189	7337.487475
getpid	gvisor-systrap	8	26096	188551063	7225.285983
getpid	gvisor-systrap	9	29358	212436097	7236.054806
getpid	gvisor-systrap	10	32620	237365320	7276.680564
getpid	gvisor-systrap	11	35882	262635187	7319.413271
getpid	gvisor-systrap	12	39144	293023941	7485.794528
getpid	gvisor-systrap	13	42406	317233184	7480.856105
getpid	gvisor-systrap	14	45668	338393242	7409.854647
getpid	gvisor-systrap	15	48930	344955228	7049.974004
getpid	gvisor-systrap	16	52192	361231524	6921.204859
getpid	gvisor-systrap	17	55454	391484312	7059.622606
getpid	gvisor-systrap	18	58716	413771711	7047.001005
getpid	gvisor-systrap	19	61978	454282340	7329.735390
getpid	gvisor-systrap	20	65240	515079475	7895.148299
getpid	gvisor-kvm	1	26457	25076836	947.833692
getpid	gvisor-kvm	2	52914	48110042	909.211967
getpid	gvisor-kvm	3	79371	73898162	931.047385
getpid	gvisor-kvm	4	105828	93863253	886.941575
getpid	gvisor-kvm	5	132285	121109187	915.517156
getpid	gvisor-kvm	6	158742	143868120	906.301546
getpid	gvisor-kvm	7	185199	168480062	909.724469
getpid	gvisor-kvm	8	211656	197430963	932.791714
getpid	gvisor-kvm	9	238113	219586403	922.194097
getpid	gvisor-kvm	10	264570	239369309	904.748494
getpid	gvisor-kvm	11	291027	260641334	895.591591
getpid	gvisor-kvm	12	317484	291283790	917.475495
getpid	gvisor-kvm	13	343941	315204399	916.449039
getpid	gvisor-kvm	14	370398	331423258	894.776046
getpid	gvisor-kvm	15	396855	362524778	913.494294
getpid	gvisor-kvm	16	423312	377878340	892.670985
getpid	gvisor-kvm	17	449769	412604016	917.368729
getpid	gvisor-kvm	18	476226	436191431	915.933676
getpid	gvisor-kvm	19	502683	464382183	923.807216
getpid	gvisor-kvm	20	529140	479555802	906.292856
getpid	reverie-ptrace	1	1374	23391819	17024.613537
getpid	reverie-ptrace	2	2748	46733803	17006.478530
getpid	reverie-ptrace	3	4122	70422861	17084.633916
getpid	reverie-ptrace	4	5496	91963814	16732.862809
getpid	reverie-ptrace	5	6870	115985054	16882.831732
getpid	reverie-ptrace	6	8244	146412445	17759.879306
getpid	reverie-ptrace	7	9618	162567178	16902.389062
getpid	reverie-ptrace	8	10992	185900258	16912.323326
getpid	reverie-ptrace	9	12366	211194582	17078.649685
getpid	reverie-ptrace	10	13740	229931066	16734.429840
getpid	reverie-ptrace	11	15114	254924405	16866.772860
getpid	reverie-ptrace	12	16488	274890166	16672.135250
getpid	reverie-ptrace	13	17862	302976510	16962.070877
getpid	reverie-ptrace	14	19236	326108437	16953.027501
getpid	reverie-ptrace	15	20610	353892653	17170.919602
getpid	reverie-ptrace	16	21984	373820438	17004.204785
getpid	reverie-ptrace	17	23358	392866690	16819.363387
getpid	reverie-ptrace	18	24732	421269922	17033.394873
getpid	reverie-ptrace	19	26106	442590992	16953.611890
getpid	reverie-ptrace	20	27480	463785260	16877.192868
getpid	reverie-dbi	1	23842	23840037	999.917666
getpid	reverie-dbi	2	47684	47434521	994.768077
getpid	reverie-dbi	3	71526	71221298	995.739983
getpid	reverie-dbi	4	95368	94701822	993.014659
getpid	reverie-dbi	5	119210	119952228	1006.226223
getpid	reverie-dbi	6	143052	145035935	1013.868628
getpid	reverie-dbi	7	166894	169173480	1013.658250
getpid	reverie-dbi	8	190736	191933856	1006.280178
getpid	reverie-dbi	9	214578	213405763	994.537012
getpid	reverie-dbi	10	238420	239783295	1005.718040
getpid	reverie-dbi	11	262262	266014414	1014.307883
getpid	reverie-dbi	12	286104	286743269	1002.234394
getpid	reverie-dbi	13	309946	308364673	994.898056
getpid	reverie-dbi	14	333788	333659798	999.615918
getpid	reverie-dbi	15	357630	356173360	995.926964
getpid	reverie-dbi	16	381472	384359454	1007.569242
getpid	reverie-dbi	17	405314	403936308	996.600927
getpid	reverie-dbi	18	429156	426261756	993.255963
getpid	reverie-dbi	19	452998	453820854	1001.816463
getpid	reverie-dbi	20	476840	479367889	1005.301336
getpid	reverie-kvm	1	2374	24016113	10116.307077
getpid	reverie-kvm	2	4748	47660635	10038.044440
getpid	reverie-kvm	3	7122	71175720	9993.782645
getpid	reverie-kvm	4	9496	94403402	9941.386057
getpid	reverie-kvm	5	11870	117929214	9935.064364
getpid	reverie-kvm	6	14244	144955766	10176.619348
getpid	reverie-kvm	7	16618	165930383	9984.979119
getpid	reverie-kvm	8	18992	189625922	9984.515691
getpid	reverie-kvm	9	21366	212943250	9966.453712
getpid	reverie-kvm	10	23740	236317792	9954.414153
getpid	reverie-kvm	11	26114	260210319	9964.399135
getpid	reverie-kvm	12	28488	284517342	9987.269798
getpid	reverie-kvm	13	30862	307950343	9978.301568
getpid	reverie-kvm	14	33236	331733884	9981.161512
getpid	reverie-kvm	15	35610	355303333	9977.627998
getpid	reverie-kvm	16	37984	382608166	10072.877159
getpid	reverie-kvm	17	40358	401768822	9955.122206
getpid	reverie-kvm	18	42732	424049162	9923.456941
getpid	reverie-kvm	19	45106	447615786	9923.641777
getpid	reverie-kvm	20	47480	471399528	9928.380960
getpid	reverie-sabre	1	39125	23727556	606.455105
getpid	reverie-sabre	2	78250	48051383	614.075182
getpid	reverie-sabre	3	117375	70929818	604.300899
getpid	reverie-sabre	4	156500	96967945	619.603482
getpid	reverie-sabre	5	195625	121771939	622.476365
getpid	reverie-sabre	6	234750	147245263	627.242867
getpid	reverie-sabre	7	273875	170429969	622.291078
getpid	reverie-sabre	8	313000	194295674	620.752952
getpid	reverie-sabre	9	352125	217389093	617.363416
getpid	reverie-sabre	10	391250	237727739	607.610835
getpid	reverie-sabre	11	430375	263148773	611.440658
getpid	reverie-sabre	12	469500	284819061	606.643367
getpid	reverie-sabre	13	508625	309617967	608.735251
getpid	reverie-sabre	14	547750	331738975	605.639388
getpid	reverie-sabre	15	586875	353750859	602.770367
getpid	reverie-sabre	16	626000	379990031	607.012829
getpid	reverie-sabre	17	665125	414955710	623.876279
getpid	reverie-sabre	18	704250	430420431	611.175621
getpid	reverie-sabre	19	743375	461944369	621.414991
getpid	reverie-sabre	20	782500	487587229	623.114670
