config	seed	exit	sig12	scanlines
plain	1	0	e9ed0d2ac4d9	1
plain	2	0	e9ed0d2ac4d9	1
plain	3	0	e9ed0d2ac4d9	1
plain	4	0	e9ed0d2ac4d9	1
plain	5	0	e9ed0d2ac4d9	1
plain	6	0	e9ed0d2ac4d9	1
plain	7	0	e9ed0d2ac4d9	1
plain	8	0	e9ed0d2ac4d9	1
plain	9	0	e9ed0d2ac4d9	1
plain	10	0	e9ed0d2ac4d9	1
plain	11	0	e9ed0d2ac4d9	1
plain	12	0	e9ed0d2ac4d9	1
plain	13	0	e9ed0d2ac4d9	1
plain	14	0	e9ed0d2ac4d9	1
plain	15	0	e9ed0d2ac4d9	1
plain	16	0	e9ed0d2ac4d9	1
plain	17	0	e9ed0d2ac4d9	1
plain	18	0	e9ed0d2ac4d9	1
plain	19	0	e9ed0d2ac4d9	1
plain	20	0	e9ed0d2ac4d9	1
plain	21	0	e9ed0d2ac4d9	1
plain	22	0	e9ed0d2ac4d9	1
plain	23	0	e9ed0d2ac4d9	1
plain	24	0	e9ed0d2ac4d9	1
plain	25	0	e9ed0d2ac4d9	1
plain	26	0	e9ed0d2ac4d9	1
plain	27	0	e9ed0d2ac4d9	1
plain	28	0	e9ed0d2ac4d9	1
plain	29	0	e9ed0d2ac4d9	1
plain	30	0	e9ed0d2ac4d9	1
strict	1	0	e9ed0d2ac4d9	1
strict	2	0	e9ed0d2ac4d9	1
strict	3	0	e9ed0d2ac4d9	1
strict	4	0	e9ed0d2ac4d9	1
strict	5	0	e9ed0d2ac4d9	1
strict	6	0	e9ed0d2ac4d9	1
strict	7	0	e9ed0d2ac4d9	1
strict	8	0	e9ed0d2ac4d9	1
strict	9	0	e9ed0d2ac4d9	1
strict	10	0	e9ed0d2ac4d9	1
strict	11	0	e9ed0d2ac4d9	1
strict	12	0	e9ed0d2ac4d9	1
strict	13	0	e9ed0d2ac4d9	1
strict	14	0	e9ed0d2ac4d9	1
strict	15	0	e9ed0d2ac4d9	1
strict	16	0	e9ed0d2ac4d9	1
strict	17	0	e9ed0d2ac4d9	1
strict	18	0	e9ed0d2ac4d9	1
strict	19	0	e9ed0d2ac4d9	1
strict	20	0	e9ed0d2ac4d9	1
strict	21	0	e9ed0d2ac4d9	1
strict	22	0	e9ed0d2ac4d9	1
strict	23	0	e9ed0d2ac4d9	1
strict	24	0	e9ed0d2ac4d9	1
strict	25	0	e9ed0d2ac4d9	1
strict	26	0	e9ed0d2ac4d9	1
strict	27	0	e9ed0d2ac4d9	1
strict	28	0	e9ed0d2ac4d9	1
strict	29	0	e9ed0d2ac4d9	1
strict	30	0	e9ed0d2ac4d9	1
chaos_ts-default	1	0	beffe73fffb0	1
chaos_ts-default	2	0	beffe73fffb0	1
chaos_ts-default	3	0	beffe73fffb0	1
chaos_ts-default	4	0	beffe73fffb0	1
chaos_ts-default	5	0	e9ed0d2ac4d9	1
chaos_ts-default	6	0	beffe73fffb0	1
chaos_ts-default	7	0	e9ed0d2ac4d9	1
chaos_ts-default	8	0	beffe73fffb0	1
chaos_ts-default	9	0	e9ed0d2ac4d9	1
chaos_ts-default	10	0	beffe73fffb0	1
chaos_ts-default	11	0	e9ed0d2ac4d9	1
chaos_ts-default	12	0	beffe73fffb0	1
chaos_ts-default	13	0	beffe73fffb0	1
chaos_ts-default	14	0	beffe73fffb0	1
chaos_ts-default	15	0	beffe73fffb0	1
chaos_ts-default	16	0	e9ed0d2ac4d9	1
chaos_ts-default	17	0	beffe73fffb0	1
chaos_ts-default	18	0	beffe73fffb0	1
chaos_ts-default	19	0	beffe73fffb0	1
chaos_ts-default	20	0	beffe73fffb0	1
chaos_ts-default	21	0	e9ed0d2ac4d9	1
chaos_ts-default	22	0	e9ed0d2ac4d9	1
chaos_ts-default	23	0	e9ed0d2ac4d9	1
chaos_ts-default	24	0	e9ed0d2ac4d9	1
chaos_ts-default	25	0	e9ed0d2ac4d9	1
chaos_ts-default	26	0	beffe73fffb0	1
chaos_ts-default	27	0	e9ed0d2ac4d9	1
chaos_ts-default	28	0	beffe73fffb0	1
chaos_ts-default	29	0	e9ed0d2ac4d9	1
chaos_ts-default	30	0	e9ed0d2ac4d9	1
chaos_ts-1e6	1	0	e9ed0d2ac4d9	1
chaos_ts-1e6	2	0	e9ed0d2ac4d9	1
chaos_ts-1e6	3	0	e9ed0d2ac4d9	1
chaos_ts-1e6	4	0	e9ed0d2ac4d9	1
chaos_ts-1e6	5	0	beffe73fffb0	1
chaos_ts-1e6	6	0	e9ed0d2ac4d9	1
chaos_ts-1e6	7	0	e9ed0d2ac4d9	1
chaos_ts-1e6	8	0	e9ed0d2ac4d9	1
chaos_ts-1e6	9	0	e9ed0d2ac4d9	1
chaos_ts-1e6	10	0	e9ed0d2ac4d9	1
chaos_ts-1e6	11	0	e9ed0d2ac4d9	1
chaos_ts-1e6	12	0	e9ed0d2ac4d9	1
chaos_ts-1e6	13	0	e9ed0d2ac4d9	1
chaos_ts-1e6	14	0	e9ed0d2ac4d9	1
chaos_ts-1e6	15	0	e9ed0d2ac4d9	1
chaos_ts-1e6	16	0	e9ed0d2ac4d9	1
chaos_ts-1e6	17	0	e9ed0d2ac4d9	1
chaos_ts-1e6	18	0	e9ed0d2ac4d9	1
chaos_ts-1e6	19	0	e9ed0d2ac4d9	1
chaos_ts-1e6	20	0	e9ed0d2ac4d9	1
chaos_ts-1e6	21	0	e9ed0d2ac4d9	1
chaos_ts-1e6	22	0	e9ed0d2ac4d9	1
chaos_ts-1e6	23	0	e9ed0d2ac4d9	1
chaos_ts-1e6	24	0	e9ed0d2ac4d9	1
chaos_ts-1e6	25	0	e9ed0d2ac4d9	1
chaos_ts-1e6	26	0	e9ed0d2ac4d9	1
chaos_ts-1e6	27	0	e9ed0d2ac4d9	1
chaos_ts-1e6	28	0	e9ed0d2ac4d9	1
chaos_ts-1e6	29	0	e9ed0d2ac4d9	1
chaos_ts-1e6	30	0	e9ed0d2ac4d9	1
chaos_ts-1e5	1	0	e9ed0d2ac4d9	1
chaos_ts-1e5	2	0	e9ed0d2ac4d9	1
chaos_ts-1e5	3	0	e9ed0d2ac4d9	1
chaos_ts-1e5	4	0	e9ed0d2ac4d9	1
chaos_ts-1e5	5	0	e9ed0d2ac4d9	1
chaos_ts-1e5	6	0	e9ed0d2ac4d9	1
chaos_ts-1e5	7	0	beffe73fffb0	1
chaos_ts-1e5	8	0	e9ed0d2ac4d9	1
chaos_ts-1e5	9	0	e9ed0d2ac4d9	1
chaos_ts-1e5	10	0	e9ed0d2ac4d9	1
chaos_ts-1e5	11	0	e9ed0d2ac4d9	1
chaos_ts-1e5	12	0	e9ed0d2ac4d9	1
chaos_ts-1e5	13	0	e9ed0d2ac4d9	1
chaos_ts-1e5	14	0	e9ed0d2ac4d9	1
chaos_ts-1e5	15	0	e9ed0d2ac4d9	1
chaos_ts-1e5	16	0	e9ed0d2ac4d9	1
chaos_ts-1e5	17	0	e9ed0d2ac4d9	1
chaos_ts-1e5	18	0	e9ed0d2ac4d9	1
chaos_ts-1e5	19	0	e9ed0d2ac4d9	1
chaos_ts-1e5	20	0	e9ed0d2ac4d9	1
chaos_ts-1e5	21	0	e9ed0d2ac4d9	1
chaos_ts-1e5	22	0	e9ed0d2ac4d9	1
chaos_ts-1e5	23	0	e9ed0d2ac4d9	1
chaos_ts-1e5	24	0	e9ed0d2ac4d9	1
chaos_ts-1e5	25	0	e9ed0d2ac4d9	1
chaos_ts-1e5	26	0	e9ed0d2ac4d9	1
chaos_ts-1e5	27	0	e9ed0d2ac4d9	1
chaos_ts-1e5	28	0	e9ed0d2ac4d9	1
chaos_ts-1e5	29	0	e9ed0d2ac4d9	1
chaos_ts-1e5	30	0	e9ed0d2ac4d9	1
chaos_ts-1e4	1	0	28cd655d05c2	1
chaos_ts-1e4	2	0	1f2625ab490e	1
chaos_ts-1e4	3	0	e9e5f31a703d	1
chaos_ts-1e4	4	0	10723f894770	1
chaos_ts-1e4	5	0	f313460d4ac9	1
chaos_ts-1e4	6	0	d11fe22e088b	1
chaos_ts-1e4	7	0	f8056ee9f31c	1
chaos_ts-1e4	8	0	3e737212ddfd	1
chaos_ts-1e4	9	0	77e0c456e53d	1
chaos_ts-1e4	10	0	04a2bdfc1247	1
chaos_ts-1e4	11	0	e87aaa0d013c	1
chaos_ts-1e4	12	0	c89aaa658a76	1
chaos_ts-1e4	13	0	86f6e6a460a7	1
chaos_ts-1e4	14	0	4d078e8bba35	1
chaos_ts-1e4	15	0	02e05833d5b3	1
chaos_ts-1e4	16	0	c0cf48d675a0	1
chaos_ts-1e4	17	0	2a0edad298f0	1
chaos_ts-1e4	18	0	642495301503	1
chaos_ts-1e4	19	0	6b78bf38e47d	1
chaos_ts-1e4	20	0	9bfbe12b31c4	1
chaos_ts-1e4	21	0	b63846f0f96b	1
chaos_ts-1e4	22	0	2a0edad298f0	1
chaos_ts-1e4	23	0	ed0cc5f787a4	1
chaos_ts-1e4	24	0	f7b154da5b66	1
chaos_ts-1e4	25	0	32fb003495d1	1
chaos_ts-1e4	26	0	68b8dd4b688e	1
chaos_ts-1e4	27	0	77c654853431	1
chaos_ts-1e4	28	0	051b77a6f0a7	1
chaos_ts-1e4	29	0	bf3060e8398a	1
chaos_ts-1e4	30	0	0fab126149b5	1
chaos_ts-1e3	1	0	89983f22ee05	1
chaos_ts-1e3	2	0	dfe1cb3a212b	1
chaos_ts-1e3	3	0	e55f5f3bbcde	1
chaos_ts-1e3	4	0	6614ff1454bd	1
chaos_ts-1e3	5	0	3a3f88de7356	1
chaos_ts-1e3	6	0	d72b2b491fe1	1
chaos_ts-1e3	7	0	4d695369ce6e	1
chaos_ts-1e3	8	0	ccf2382a9ee5	1
chaos_ts-1e3	9	0	d0b707c8852f	1
chaos_ts-1e3	10	0	00ed2b5cf65e	1
chaos_ts-1e3	11	0	9774f4bfe393	1
chaos_ts-1e3	12	0	f2402d4db001	1
chaos_ts-1e3	13	0	526d69d9ae56	1
chaos_ts-1e3	14	0	5a05374d0249	1
chaos_ts-1e3	15	0	9b54cf48a2fb	1
chaos_ts-1e3	16	0	f21ba6190560	1
chaos_ts-1e3	17	0	c1db03f661d1	1
chaos_ts-1e3	18	0	4222acbe0b34	1
chaos_ts-1e3	19	0	23344ce1cb44	1
chaos_ts-1e3	20	0	368f6e2ee619	1
chaos_ts-1e3	21	0	2f8b53568ec7	1
chaos_ts-1e3	22	0	0d7340b7f84e	1
chaos_ts-1e3	23	0	eef532ccad2f	1
chaos_ts-1e3	24	0	e1b82c658f7f	1
chaos_ts-1e3	25	0	fa69bff3103a	1
chaos_ts-1e3	26	0	4afedc2a4755	1
chaos_ts-1e3	27	0	424686de0e61	1
chaos_ts-1e3	28	0	076da465c2c2	1
chaos_ts-1e3	29	0	4db6c8cc9de3	1
chaos_ts-1e3	30	0	9dfb233f5994	1
chaos_ts-1e2	1	0	9074dad609c8	1
chaos_ts-1e2	2	0	662f563b2fd6	1
chaos_ts-1e2	3	0	51e468e5e404	1
chaos_ts-1e2	4	0	64cc2b4e49ca	1
chaos_ts-1e2	5	0	627cad770254	1
chaos_ts-1e2	6	0	e73004ccc492	1
chaos_ts-1e2	7	0	7f892238f3a0	1
chaos_ts-1e2	8	0	db9aa2d4283c	1
chaos_ts-1e2	9	0	51f40b44dbdf	1
chaos_ts-1e2	10	0	42f0498cbd38	1
chaos_ts-1e2	11	0	bef01c12fd5e	1
chaos_ts-1e2	12	0	65b4cb631a36	1
chaos_ts-1e2	13	0	021e33b8ca9c	1
chaos_ts-1e2	14	0	6e1db043d581	1
chaos_ts-1e2	15	0	73754ee393a2	1
chaos_ts-1e2	16	0	339874c89bda	1
chaos_ts-1e2	17	0	de58c750d2d8	1
chaos_ts-1e2	18	0	1e88dbd9cd75	1
chaos_ts-1e2	19	0	51173bca6ecb	1
chaos_ts-1e2	20	0	6b1183af1a11	1
chaos_ts-1e2	21	0	41d542e2281d	1
chaos_ts-1e2	22	0	01fcf74c69d5	1
chaos_ts-1e2	23	0	ad8b18c274ab	1
chaos_ts-1e2	24	0	fc70e68c6d87	1
chaos_ts-1e2	25	0	67c9831b1c20	1
chaos_ts-1e2	26	0	19fc0230db6b	1
chaos_ts-1e2	27	0	51ef2520fa7d	1
chaos_ts-1e2	28	0	599b55777be1	1
chaos_ts-1e2	29	0	fbfafc8b97d8	1
chaos_ts-1e2	30	0	54a0a6ee80ca	1
ctr_ts-default	1	0	beffe73fffb0	1
ctr_ts-default	2	0	e9ed0d2ac4d9	1
ctr_ts-default	3	0	beffe73fffb0	1
ctr_ts-default	4	0	e9ed0d2ac4d9	1
ctr_ts-default	5	0	e9ed0d2ac4d9	1
ctr_ts-default	6	0	e9ed0d2ac4d9	1
ctr_ts-default	7	0	e9ed0d2ac4d9	1
ctr_ts-default	8	0	e9ed0d2ac4d9	1
ctr_ts-default	9	0	e9ed0d2ac4d9	1
ctr_ts-default	10	0	beffe73fffb0	1
ctr_ts-default	11	0	beffe73fffb0	1
ctr_ts-default	12	0	e9ed0d2ac4d9	1
ctr_ts-default	13	0	e9ed0d2ac4d9	1
ctr_ts-default	14	0	beffe73fffb0	1
ctr_ts-default	15	0	e9ed0d2ac4d9	1
ctr_ts-default	16	0	beffe73fffb0	1
ctr_ts-default	17	0	e9ed0d2ac4d9	1
ctr_ts-default	18	0	e9ed0d2ac4d9	1
ctr_ts-default	19	0	e9ed0d2ac4d9	1
ctr_ts-default	20	0	beffe73fffb0	1
ctr_ts-default	21	0	e9ed0d2ac4d9	1
ctr_ts-default	22	0	beffe73fffb0	1
ctr_ts-default	23	0	e9ed0d2ac4d9	1
ctr_ts-default	24	0	beffe73fffb0	1
ctr_ts-default	25	0	e9ed0d2ac4d9	1
ctr_ts-default	26	0	e9ed0d2ac4d9	1
ctr_ts-default	27	0	e9ed0d2ac4d9	1
ctr_ts-default	28	0	e9ed0d2ac4d9	1
ctr_ts-default	29	0	e9ed0d2ac4d9	1
ctr_ts-default	30	0	beffe73fffb0	1
ctr_ts-1e6	1	0	e9ed0d2ac4d9	1
ctr_ts-1e6	2	0	e9ed0d2ac4d9	1
ctr_ts-1e6	3	0	e9ed0d2ac4d9	1
ctr_ts-1e6	4	0	e9ed0d2ac4d9	1
ctr_ts-1e6	5	0	e9ed0d2ac4d9	1
ctr_ts-1e6	6	0	e9ed0d2ac4d9	1
ctr_ts-1e6	7	0	e9ed0d2ac4d9	1
ctr_ts-1e6	8	0	e9ed0d2ac4d9	1
ctr_ts-1e6	9	0	e9ed0d2ac4d9	1
ctr_ts-1e6	10	0	beffe73fffb0	1
ctr_ts-1e6	11	0	e9ed0d2ac4d9	1
ctr_ts-1e6	12	0	e9ed0d2ac4d9	1
ctr_ts-1e6	13	0	e9ed0d2ac4d9	1
ctr_ts-1e6	14	0	e9ed0d2ac4d9	1
ctr_ts-1e6	15	0	e9ed0d2ac4d9	1
ctr_ts-1e6	16	0	e9ed0d2ac4d9	1
ctr_ts-1e6	17	0	e9ed0d2ac4d9	1
ctr_ts-1e6	18	0	e9ed0d2ac4d9	1
ctr_ts-1e6	19	0	e9ed0d2ac4d9	1
ctr_ts-1e6	20	0	e9ed0d2ac4d9	1
ctr_ts-1e6	21	0	e9ed0d2ac4d9	1
ctr_ts-1e6	22	0	e9ed0d2ac4d9	1
ctr_ts-1e6	23	0	e9ed0d2ac4d9	1
ctr_ts-1e6	24	0	e9ed0d2ac4d9	1
ctr_ts-1e6	25	0	e9ed0d2ac4d9	1
ctr_ts-1e6	26	0	e9ed0d2ac4d9	1
ctr_ts-1e6	27	0	e9ed0d2ac4d9	1
ctr_ts-1e6	28	0	e9ed0d2ac4d9	1
ctr_ts-1e6	29	0	e9ed0d2ac4d9	1
ctr_ts-1e6	30	0	e9ed0d2ac4d9	1
ctr_ts-1e5	1	0	e9ed0d2ac4d9	1
ctr_ts-1e5	2	0	e9ed0d2ac4d9	1
ctr_ts-1e5	3	0	e9ed0d2ac4d9	1
ctr_ts-1e5	4	0	e9ed0d2ac4d9	1
ctr_ts-1e5	5	0	e9ed0d2ac4d9	1
ctr_ts-1e5	6	0	e9ed0d2ac4d9	1
ctr_ts-1e5	7	0	e9ed0d2ac4d9	1
ctr_ts-1e5	8	0	e9ed0d2ac4d9	1
ctr_ts-1e5	9	0	e9ed0d2ac4d9	1
ctr_ts-1e5	10	0	e9ed0d2ac4d9	1
ctr_ts-1e5	11	0	e9ed0d2ac4d9	1
ctr_ts-1e5	12	0	e9ed0d2ac4d9	1
ctr_ts-1e5	13	0	e9ed0d2ac4d9	1
ctr_ts-1e5	14	0	e9ed0d2ac4d9	1
ctr_ts-1e5	15	0	e9ed0d2ac4d9	1
ctr_ts-1e5	16	0	e9ed0d2ac4d9	1
ctr_ts-1e5	17	0	e9ed0d2ac4d9	1
ctr_ts-1e5	18	0	e9ed0d2ac4d9	1
ctr_ts-1e5	19	0	e9ed0d2ac4d9	1
ctr_ts-1e5	20	0	e9ed0d2ac4d9	1
ctr_ts-1e5	21	0	e9ed0d2ac4d9	1
ctr_ts-1e5	22	0	e9ed0d2ac4d9	1
ctr_ts-1e5	23	0	e9ed0d2ac4d9	1
ctr_ts-1e5	24	0	e9ed0d2ac4d9	1
ctr_ts-1e5	25	0	e9ed0d2ac4d9	1
ctr_ts-1e5	26	0	e9ed0d2ac4d9	1
ctr_ts-1e5	27	0	e9ed0d2ac4d9	1
ctr_ts-1e5	28	0	e9ed0d2ac4d9	1
ctr_ts-1e5	29	0	e9ed0d2ac4d9	1
ctr_ts-1e5	30	0	e9ed0d2ac4d9	1
ctr_ts-1e4	1	0	9e7d9b232098	1
ctr_ts-1e4	2	0	c0cf48d675a0	1
ctr_ts-1e4	3	0	e9e5f31a703d	1
ctr_ts-1e4	4	0	b96afcca6cc1	1
ctr_ts-1e4	5	0	594afcd5cc2f	1
ctr_ts-1e4	6	0	d11fe22e088b	1
ctr_ts-1e4	7	0	b32e9ba403b1	1
ctr_ts-1e4	8	0	cdd89932968f	1
ctr_ts-1e4	9	0	77e0c456e53d	1
ctr_ts-1e4	10	0	fe82a81166a8	1
ctr_ts-1e4	11	0	77e0c456e53d	1
ctr_ts-1e4	12	0	fda647f068e4	1
ctr_ts-1e4	13	0	86f6e6a460a7	1
ctr_ts-1e4	14	0	4d078e8bba35	1
ctr_ts-1e4	15	0	02e05833d5b3	1
ctr_ts-1e4	16	0	3383133a6f56	1
ctr_ts-1e4	17	0	2a0edad298f0	1
ctr_ts-1e4	18	0	642495301503	1
ctr_ts-1e4	19	0	6b78bf38e47d	1
ctr_ts-1e4	20	0	9bfbe12b31c4	1
ctr_ts-1e4	21	0	77dc2aea3fdf	1
ctr_ts-1e4	22	0	2a0edad298f0	1
ctr_ts-1e4	23	0	34582ccf85c7	1
ctr_ts-1e4	24	0	b4c383c9a010	1
ctr_ts-1e4	25	0	32fb003495d1	1
ctr_ts-1e4	26	0	68b8dd4b688e	1
ctr_ts-1e4	27	0	c5d4e447ee9a	1
ctr_ts-1e4	28	0	4c9bcd91f46c	1
ctr_ts-1e4	29	0	15331b8cf8ae	1
ctr_ts-1e4	30	0	3ba1477d6fc6	1
ctr_ts-1e3	1	0	b4ae92a6ab52	1
ctr_ts-1e3	2	0	dfe1cb3a212b	1
ctr_ts-1e3	3	0	e55f5f3bbcde	1
ctr_ts-1e3	4	0	6614ff1454bd	1
ctr_ts-1e3	5	0	44166e0fde01	1
ctr_ts-1e3	6	0	d72b2b491fe1	1
ctr_ts-1e3	7	0	4d695369ce6e	1
ctr_ts-1e3	8	0	ccf2382a9ee5	1
ctr_ts-1e3	9	0	5d2368b6d8bd	1
ctr_ts-1e3	10	0	20df8808433f	1
ctr_ts-1e3	11	0	9774f4bfe393	1
ctr_ts-1e3	12	0	f2402d4db001	1
ctr_ts-1e3	13	0	526d69d9ae56	1
ctr_ts-1e3	14	0	d4150cd2ac4d	1
ctr_ts-1e3	15	0	9b54cf48a2fb	1
ctr_ts-1e3	16	0	8759e58981f7	1
ctr_ts-1e3	17	0	c1db03f661d1	1
ctr_ts-1e3	18	0	4222acbe0b34	1
ctr_ts-1e3	19	0	23344ce1cb44	1
ctr_ts-1e3	20	0	368f6e2ee619	1
ctr_ts-1e3	21	0	ed40ddfe53ec	1
ctr_ts-1e3	22	0	0d7340b7f84e	1
ctr_ts-1e3	23	0	eef532ccad2f	1
ctr_ts-1e3	24	0	e1b82c658f7f	1
ctr_ts-1e3	25	0	fa69bff3103a	1
ctr_ts-1e3	26	0	a8aa12162148	1
ctr_ts-1e3	27	0	424686de0e61	1
ctr_ts-1e3	28	0	9c8e8181d4f8	1
ctr_ts-1e3	29	0	4db6c8cc9de3	1
ctr_ts-1e3	30	0	9dfb233f5994	1
ctr_ts-1e2	1	0	90d914248e74	1
ctr_ts-1e2	2	0	662f563b2fd6	1
ctr_ts-1e2	3	0	5120e58a68ff	1
ctr_ts-1e2	4	0	f737e801b6f0	1
ctr_ts-1e2	5	0	627cad770254	1
ctr_ts-1e2	6	0	e73004ccc492	1
ctr_ts-1e2	7	0	7f892238f3a0	1
ctr_ts-1e2	8	0	db9aa2d4283c	1
ctr_ts-1e2	9	0	51f40b44dbdf	1
ctr_ts-1e2	10	0	42f0498cbd38	1
ctr_ts-1e2	11	0	bef01c12fd5e	1
ctr_ts-1e2	12	0	65b4cb631a36	1
ctr_ts-1e2	13	0	021e33b8ca9c	1
ctr_ts-1e2	14	0	e5fb499ef22d	1
ctr_ts-1e2	15	0	1d819520469b	1
ctr_ts-1e2	16	0	339874c89bda	1
ctr_ts-1e2	17	0	27718e386606	1
ctr_ts-1e2	18	0	fd2137fe3798	1
ctr_ts-1e2	19	0	51173bca6ecb	1
ctr_ts-1e2	20	0	6b1183af1a11	1
ctr_ts-1e2	21	0	41d542e2281d	1
ctr_ts-1e2	22	0	01fcf74c69d5	1
ctr_ts-1e2	23	0	ad8b18c274ab	1
ctr_ts-1e2	24	0	fc70e68c6d87	1
ctr_ts-1e2	25	0	d439b20605de	1
ctr_ts-1e2	26	0	8a5892ff4003	1
ctr_ts-1e2	27	0	51ef2520fa7d	1
ctr_ts-1e2	28	0	599b55777be1	1
ctr_ts-1e2	29	0	c5e6c69bf72c	1
ctr_ts-1e2	30	0	54a0a6ee80ca	1
chaos_maxts-1e6	1	0	e9ed0d2ac4d9	1
chaos_maxts-1e6	2	0	e9ed0d2ac4d9	1
chaos_maxts-1e6	3	0	e9ed0d2ac4d9	1
chaos_maxts-1e6	4	0	e9ed0d2ac4d9	1
chaos_maxts-1e6	5	0	beffe73fffb0	1
chaos_maxts-1e6	6	0	e9ed0d2ac4d9	1
chaos_maxts-1e6	7	0	e9ed0d2ac4d9	1
chaos_maxts-1e6	8	0	e9ed0d2ac4d9	1
chaos_maxts-1e6	9	0	e9ed0d2ac4d9	1
chaos_maxts-1e6	10	0	beffe73fffb0	1
chaos_maxts-1e6	11	0	e9ed0d2ac4d9	1
chaos_maxts-1e6	12	0	e9ed0d2ac4d9	1
chaos_maxts-1e6	13	0	e9ed0d2ac4d9	1
chaos_maxts-1e6	14	0	e9ed0d2ac4d9	1
chaos_maxts-1e6	15	0	e9ed0d2ac4d9	1
chaos_maxts-1e6	16	0	e9ed0d2ac4d9	1
chaos_maxts-1e6	17	0	e9ed0d2ac4d9	1
chaos_maxts-1e6	18	0	e9ed0d2ac4d9	1
chaos_maxts-1e6	19	0	e9ed0d2ac4d9	1
chaos_maxts-1e6	20	0	e9ed0d2ac4d9	1
chaos_maxts-1e6	21	0	e9ed0d2ac4d9	1
chaos_maxts-1e6	22	0	e9ed0d2ac4d9	1
chaos_maxts-1e6	23	0	e9ed0d2ac4d9	1
chaos_maxts-1e6	24	0	e9ed0d2ac4d9	1
chaos_maxts-1e6	25	0	e9ed0d2ac4d9	1
chaos_maxts-1e6	26	0	e9ed0d2ac4d9	1
chaos_maxts-1e6	27	0	e9ed0d2ac4d9	1
chaos_maxts-1e6	28	0	e9ed0d2ac4d9	1
chaos_maxts-1e6	29	0	e9ed0d2ac4d9	1
chaos_maxts-1e6	30	0	e9ed0d2ac4d9	1
chaos_maxts-1e5	1	0	e9ed0d2ac4d9	1
chaos_maxts-1e5	2	0	e9ed0d2ac4d9	1
chaos_maxts-1e5	3	0	e9ed0d2ac4d9	1
chaos_maxts-1e5	4	0	e9ed0d2ac4d9	1
chaos_maxts-1e5	5	0	e9ed0d2ac4d9	1
chaos_maxts-1e5	6	0	beffe73fffb0	1
chaos_maxts-1e5	7	0	e9ed0d2ac4d9	1
chaos_maxts-1e5	8	0	e9ed0d2ac4d9	1
chaos_maxts-1e5	9	0	e9ed0d2ac4d9	1
chaos_maxts-1e5	10	0	e9ed0d2ac4d9	1
chaos_maxts-1e5	11	0	e9ed0d2ac4d9	1
chaos_maxts-1e5	12	0	e9ed0d2ac4d9	1
chaos_maxts-1e5	13	0	e9ed0d2ac4d9	1
chaos_maxts-1e5	14	0	e9ed0d2ac4d9	1
chaos_maxts-1e5	15	0	e9ed0d2ac4d9	1
chaos_maxts-1e5	16	0	e9ed0d2ac4d9	1
chaos_maxts-1e5	17	0	e9ed0d2ac4d9	1
chaos_maxts-1e5	18	0	e9ed0d2ac4d9	1
chaos_maxts-1e5	19	0	e9ed0d2ac4d9	1
chaos_maxts-1e5	20	0	e9ed0d2ac4d9	1
chaos_maxts-1e5	21	0	e9ed0d2ac4d9	1
chaos_maxts-1e5	22	0	e9ed0d2ac4d9	1
chaos_maxts-1e5	23	0	e9ed0d2ac4d9	1
chaos_maxts-1e5	24	0	e9ed0d2ac4d9	1
chaos_maxts-1e5	25	0	e9ed0d2ac4d9	1
chaos_maxts-1e5	26	0	e9ed0d2ac4d9	1
chaos_maxts-1e5	27	0	e9ed0d2ac4d9	1
chaos_maxts-1e5	28	0	e9ed0d2ac4d9	1
chaos_maxts-1e5	29	0	e9ed0d2ac4d9	1
chaos_maxts-1e5	30	0	e9ed0d2ac4d9	1
chaos_heur-none	1	0	beffe73fffb0	1
chaos_heur-none	2	0	beffe73fffb0	1
chaos_heur-none	3	0	beffe73fffb0	1
chaos_heur-none	4	0	beffe73fffb0	1
chaos_heur-none	5	0	e9ed0d2ac4d9	1
chaos_heur-none	6	0	beffe73fffb0	1
chaos_heur-none	7	0	e9ed0d2ac4d9	1
chaos_heur-none	8	0	beffe73fffb0	1
chaos_heur-none	9	0	e9ed0d2ac4d9	1
chaos_heur-none	10	0	beffe73fffb0	1
chaos_heur-none	11	0	e9ed0d2ac4d9	1
chaos_heur-none	12	0	beffe73fffb0	1
chaos_heur-none	13	0	beffe73fffb0	1
chaos_heur-none	14	0	beffe73fffb0	1
chaos_heur-none	15	0	beffe73fffb0	1
chaos_heur-none	16	0	e9ed0d2ac4d9	1
chaos_heur-none	17	0	beffe73fffb0	1
chaos_heur-none	18	0	beffe73fffb0	1
chaos_heur-none	19	0	beffe73fffb0	1
chaos_heur-none	20	0	beffe73fffb0	1
chaos_heur-none	21	0	e9ed0d2ac4d9	1
chaos_heur-none	22	0	e9ed0d2ac4d9	1
chaos_heur-none	23	0	e9ed0d2ac4d9	1
chaos_heur-none	24	0	e9ed0d2ac4d9	1
chaos_heur-none	25	0	e9ed0d2ac4d9	1
chaos_heur-none	26	0	beffe73fffb0	1
chaos_heur-none	27	0	e9ed0d2ac4d9	1
chaos_heur-none	28	0	beffe73fffb0	1
chaos_heur-none	29	0	e9ed0d2ac4d9	1
chaos_heur-none	30	0	e9ed0d2ac4d9	1
chaos_heur-random	1	0	e9ed0d2ac4d9	1
chaos_heur-random	2	0	beffe73fffb0	1
chaos_heur-random	3	0	e9ed0d2ac4d9	1
chaos_heur-random	4	0	e9ed0d2ac4d9	1
chaos_heur-random	5	0	e9ed0d2ac4d9	1
chaos_heur-random	6	0	e9ed0d2ac4d9	1
chaos_heur-random	7	0	e9ed0d2ac4d9	1
chaos_heur-random	8	0	e9ed0d2ac4d9	1
chaos_heur-random	9	0	beffe73fffb0	1
chaos_heur-random	10	0	beffe73fffb0	1
chaos_heur-random	11	0	e9ed0d2ac4d9	1
chaos_heur-random	12	0	beffe73fffb0	1
chaos_heur-random	13	0	e9ed0d2ac4d9	1
chaos_heur-random	14	0	beffe73fffb0	1
chaos_heur-random	15	0	e9ed0d2ac4d9	1
chaos_heur-random	16	0	e9ed0d2ac4d9	1
chaos_heur-random	17	0	e9ed0d2ac4d9	1
chaos_heur-random	18	0	e9ed0d2ac4d9	1
chaos_heur-random	19	0	e9ed0d2ac4d9	1
chaos_heur-random	20	0	beffe73fffb0	1
chaos_heur-random	21	0	e9ed0d2ac4d9	1
chaos_heur-random	22	0	beffe73fffb0	1
chaos_heur-random	23	0	e9ed0d2ac4d9	1
chaos_heur-random	24	0	e9ed0d2ac4d9	1
chaos_heur-random	25	0	e9ed0d2ac4d9	1
chaos_heur-random	26	0	e9ed0d2ac4d9	1
chaos_heur-random	27	0	e9ed0d2ac4d9	1
chaos_heur-random	28	0	e9ed0d2ac4d9	1
chaos_heur-random	29	0	beffe73fffb0	1
chaos_heur-random	30	0	e9ed0d2ac4d9	1
chaos_heur-sticky0.1	1	0	e9ed0d2ac4d9	1
chaos_heur-sticky0.1	2	0	e9ed0d2ac4d9	1
chaos_heur-sticky0.1	3	0	e9ed0d2ac4d9	1
chaos_heur-sticky0.1	4	0	beffe73fffb0	1
chaos_heur-sticky0.1	5	0	e9ed0d2ac4d9	1
chaos_heur-sticky0.1	6	0	e9ed0d2ac4d9	1
chaos_heur-sticky0.1	7	0	e9ed0d2ac4d9	1
chaos_heur-sticky0.1	8	0	e9ed0d2ac4d9	1
chaos_heur-sticky0.1	9	0	beffe73fffb0	1
chaos_heur-sticky0.1	10	0	e9ed0d2ac4d9	1
chaos_heur-sticky0.1	11	0	beffe73fffb0	1
chaos_heur-sticky0.1	12	0	e9ed0d2ac4d9	1
chaos_heur-sticky0.1	13	0	e9ed0d2ac4d9	1
chaos_heur-sticky0.1	14	0	e9ed0d2ac4d9	1
chaos_heur-sticky0.1	15	0	e9ed0d2ac4d9	1
chaos_heur-sticky0.1	16	0	beffe73fffb0	1
chaos_heur-sticky0.1	17	0	e9ed0d2ac4d9	1
chaos_heur-sticky0.1	18	0	e9ed0d2ac4d9	1
chaos_heur-sticky0.1	19	0	e9ed0d2ac4d9	1
chaos_heur-sticky0.1	20	0	e9ed0d2ac4d9	1
chaos_heur-sticky0.1	21	0	e9ed0d2ac4d9	1
chaos_heur-sticky0.1	22	0	e9ed0d2ac4d9	1
chaos_heur-sticky0.1	23	0	beffe73fffb0	1
chaos_heur-sticky0.1	24	0	e9ed0d2ac4d9	1
chaos_heur-sticky0.1	25	0	e9ed0d2ac4d9	1
chaos_heur-sticky0.1	26	0	e9ed0d2ac4d9	1
chaos_heur-sticky0.1	27	0	e9ed0d2ac4d9	1
chaos_heur-sticky0.1	28	0	e9ed0d2ac4d9	1
chaos_heur-sticky0.1	29	0	e9ed0d2ac4d9	1
chaos_heur-sticky0.1	30	0	e9ed0d2ac4d9	1
chaos_heur-sticky0.5	1	0	e9ed0d2ac4d9	1
chaos_heur-sticky0.5	2	0	e9ed0d2ac4d9	1
chaos_heur-sticky0.5	3	0	e9ed0d2ac4d9	1
chaos_heur-sticky0.5	4	0	e9ed0d2ac4d9	1
chaos_heur-sticky0.5	5	0	e9ed0d2ac4d9	1
chaos_heur-sticky0.5	6	0	e9ed0d2ac4d9	1
chaos_heur-sticky0.5	7	0	e9ed0d2ac4d9	1
chaos_heur-sticky0.5	8	0	e9ed0d2ac4d9	1
chaos_heur-sticky0.5	9	0	e9ed0d2ac4d9	1
chaos_heur-sticky0.5	10	0	e9ed0d2ac4d9	1
chaos_heur-sticky0.5	11	0	beffe73fffb0	1
chaos_heur-sticky0.5	12	0	e9ed0d2ac4d9	1
chaos_heur-sticky0.5	13	0	e9ed0d2ac4d9	1
chaos_heur-sticky0.5	14	0	e9ed0d2ac4d9	1
chaos_heur-sticky0.5	15	0	e9ed0d2ac4d9	1
chaos_heur-sticky0.5	16	0	e9ed0d2ac4d9	1
chaos_heur-sticky0.5	17	0	e9ed0d2ac4d9	1
chaos_heur-sticky0.5	18	0	e9ed0d2ac4d9	1
chaos_heur-sticky0.5	19	0	e9ed0d2ac4d9	1
chaos_heur-sticky0.5	20	0	e9ed0d2ac4d9	1
chaos_heur-sticky0.5	21	0	beffe73fffb0	1
chaos_heur-sticky0.5	22	0	beffe73fffb0	1
chaos_heur-sticky0.5	23	0	beffe73fffb0	1
chaos_heur-sticky0.5	24	0	e9ed0d2ac4d9	1
chaos_heur-sticky0.5	25	0	beffe73fffb0	1
chaos_heur-sticky0.5	26	0	e9ed0d2ac4d9	1
chaos_heur-sticky0.5	27	0	e9ed0d2ac4d9	1
chaos_heur-sticky0.5	28	0	e9ed0d2ac4d9	1
chaos_heur-sticky0.5	29	0	e9ed0d2ac4d9	1
chaos_heur-sticky0.5	30	0	e9ed0d2ac4d9	1
chaos_heur-sticky0.9	1	0	e9ed0d2ac4d9	1
chaos_heur-sticky0.9	2	0	e9ed0d2ac4d9	1
chaos_heur-sticky0.9	3	0	e9ed0d2ac4d9	1
chaos_heur-sticky0.9	4	0	e9ed0d2ac4d9	1
chaos_heur-sticky0.9	5	0	e9ed0d2ac4d9	1
chaos_heur-sticky0.9	6	0	e9ed0d2ac4d9	1
chaos_heur-sticky0.9	7	0	e9ed0d2ac4d9	1
chaos_heur-sticky0.9	8	0	e9ed0d2ac4d9	1
chaos_heur-sticky0.9	9	0	e9ed0d2ac4d9	1
chaos_heur-sticky0.9	10	0	e9ed0d2ac4d9	1
chaos_heur-sticky0.9	11	0	e9ed0d2ac4d9	1
chaos_heur-sticky0.9	12	0	e9ed0d2ac4d9	1
chaos_heur-sticky0.9	13	0	e9ed0d2ac4d9	1
chaos_heur-sticky0.9	14	0	e9ed0d2ac4d9	1
chaos_heur-sticky0.9	15	0	e9ed0d2ac4d9	1
chaos_heur-sticky0.9	16	0	e9ed0d2ac4d9	1
chaos_heur-sticky0.9	17	0	e9ed0d2ac4d9	1
chaos_heur-sticky0.9	18	0	e9ed0d2ac4d9	1
chaos_heur-sticky0.9	19	0	e9ed0d2ac4d9	1
chaos_heur-sticky0.9	20	0	e9ed0d2ac4d9	1
chaos_heur-sticky0.9	21	0	e9ed0d2ac4d9	1
chaos_heur-sticky0.9	22	0	beffe73fffb0	1
chaos_heur-sticky0.9	23	0	e9ed0d2ac4d9	1
chaos_heur-sticky0.9	24	0	e9ed0d2ac4d9	1
chaos_heur-sticky0.9	25	0	e9ed0d2ac4d9	1
chaos_heur-sticky0.9	26	0	e9ed0d2ac4d9	1
chaos_heur-sticky0.9	27	0	e9ed0d2ac4d9	1
chaos_heur-sticky0.9	28	0	e9ed0d2ac4d9	1
chaos_heur-sticky0.9	29	0	e9ed0d2ac4d9	1
chaos_heur-sticky0.9	30	0	e9ed0d2ac4d9	1
chaos_heur-connectbind	1	0	beffe73fffb0	1
chaos_heur-connectbind	2	0	beffe73fffb0	1
chaos_heur-connectbind	3	0	beffe73fffb0	1
chaos_heur-connectbind	4	0	beffe73fffb0	1
chaos_heur-connectbind	5	0	e9ed0d2ac4d9	1
chaos_heur-connectbind	6	0	beffe73fffb0	1
chaos_heur-connectbind	7	0	e9ed0d2ac4d9	1
chaos_heur-connectbind	8	0	beffe73fffb0	1
chaos_heur-connectbind	9	0	e9ed0d2ac4d9	1
chaos_heur-connectbind	10	0	beffe73fffb0	1
chaos_heur-connectbind	11	0	e9ed0d2ac4d9	1
chaos_heur-connectbind	12	0	beffe73fffb0	1
chaos_heur-connectbind	13	0	beffe73fffb0	1
chaos_heur-connectbind	14	0	beffe73fffb0	1
chaos_heur-connectbind	15	0	beffe73fffb0	1
chaos_heur-connectbind	16	0	e9ed0d2ac4d9	1
chaos_heur-connectbind	17	0	beffe73fffb0	1
chaos_heur-connectbind	18	0	beffe73fffb0	1
chaos_heur-connectbind	19	0	beffe73fffb0	1
chaos_heur-connectbind	20	0	beffe73fffb0	1
chaos_heur-connectbind	21	0	e9ed0d2ac4d9	1
chaos_heur-connectbind	22	0	e9ed0d2ac4d9	1
chaos_heur-connectbind	23	0	e9ed0d2ac4d9	1
chaos_heur-connectbind	24	0	e9ed0d2ac4d9	1
chaos_heur-connectbind	25	0	e9ed0d2ac4d9	1
chaos_heur-connectbind	26	0	beffe73fffb0	1
chaos_heur-connectbind	27	0	e9ed0d2ac4d9	1
chaos_heur-connectbind	28	0	beffe73fffb0	1
chaos_heur-connectbind	29	0	e9ed0d2ac4d9	1
chaos_heur-connectbind	30	0	e9ed0d2ac4d9	1
chaos_futex-on	1	0	beffe73fffb0	1
chaos_futex-on	2	0	beffe73fffb0	1
chaos_futex-on	3	0	beffe73fffb0	1
chaos_futex-on	4	0	beffe73fffb0	1
chaos_futex-on	5	0	e9ed0d2ac4d9	1
chaos_futex-on	6	0	beffe73fffb0	1
chaos_futex-on	7	0	e9ed0d2ac4d9	1
chaos_futex-on	8	0	beffe73fffb0	1
chaos_futex-on	9	0	e9ed0d2ac4d9	1
chaos_futex-on	10	0	beffe73fffb0	1
chaos_futex-on	11	0	e9ed0d2ac4d9	1
chaos_futex-on	12	0	beffe73fffb0	1
chaos_futex-on	13	0	beffe73fffb0	1
chaos_futex-on	14	0	beffe73fffb0	1
chaos_futex-on	15	0	beffe73fffb0	1
chaos_futex-on	16	0	e9ed0d2ac4d9	1
chaos_futex-on	17	0	beffe73fffb0	1
chaos_futex-on	18	0	beffe73fffb0	1
chaos_futex-on	19	0	beffe73fffb0	1
chaos_futex-on	20	0	beffe73fffb0	1
chaos_futex-on	21	0	e9ed0d2ac4d9	1
chaos_futex-on	22	0	e9ed0d2ac4d9	1
chaos_futex-on	23	0	e9ed0d2ac4d9	1
chaos_futex-on	24	0	e9ed0d2ac4d9	1
chaos_futex-on	25	0	e9ed0d2ac4d9	1
chaos_futex-on	26	0	beffe73fffb0	1
chaos_futex-on	27	0	e9ed0d2ac4d9	1
chaos_futex-on	28	0	beffe73fffb0	1
chaos_futex-on	29	0	e9ed0d2ac4d9	1
chaos_futex-on	30	0	e9ed0d2ac4d9	1
chaos_futex-on_ts-1e3	1	0	89983f22ee05	1
chaos_futex-on_ts-1e3	2	0	dfe1cb3a212b	1
chaos_futex-on_ts-1e3	3	0	e55f5f3bbcde	1
chaos_futex-on_ts-1e3	4	0	6614ff1454bd	1
chaos_futex-on_ts-1e3	5	0	3a3f88de7356	1
chaos_futex-on_ts-1e3	6	0	d72b2b491fe1	1
chaos_futex-on_ts-1e3	7	0	4d695369ce6e	1
chaos_futex-on_ts-1e3	8	0	ccf2382a9ee5	1
chaos_futex-on_ts-1e3	9	0	d0b707c8852f	1
chaos_futex-on_ts-1e3	10	0	00ed2b5cf65e	1
chaos_futex-on_ts-1e3	11	0	9774f4bfe393	1
chaos_futex-on_ts-1e3	12	0	f2402d4db001	1
chaos_futex-on_ts-1e3	13	0	526d69d9ae56	1
chaos_futex-on_ts-1e3	14	0	5a05374d0249	1
chaos_futex-on_ts-1e3	15	0	9b54cf48a2fb	1
chaos_futex-on_ts-1e3	16	0	f21ba6190560	1
chaos_futex-on_ts-1e3	17	0	c1db03f661d1	1
chaos_futex-on_ts-1e3	18	0	4222acbe0b34	1
chaos_futex-on_ts-1e3	19	0	23344ce1cb44	1
chaos_futex-on_ts-1e3	20	0	368f6e2ee619	1
chaos_futex-on_ts-1e3	21	0	2f8b53568ec7	1
chaos_futex-on_ts-1e3	22	0	0d7340b7f84e	1
chaos_futex-on_ts-1e3	23	0	eef532ccad2f	1
chaos_futex-on_ts-1e3	24	0	e1b82c658f7f	1
chaos_futex-on_ts-1e3	25	0	fa69bff3103a	1
chaos_futex-on_ts-1e3	26	0	4afedc2a4755	1
chaos_futex-on_ts-1e3	27	0	424686de0e61	1
chaos_futex-on_ts-1e3	28	0	076da465c2c2	1
chaos_futex-on_ts-1e3	29	0	4db6c8cc9de3	1
chaos_futex-on_ts-1e3	30	0	9dfb233f5994	1
chaos_heurrandom_ts-1e3	1	0	b3f15d6c3889	1
chaos_heurrandom_ts-1e3	2	0	3df1ef8a3ed5	1
chaos_heurrandom_ts-1e3	3	0	1393850ec1e8	1
chaos_heurrandom_ts-1e3	4	0	91b55860b517	1
chaos_heurrandom_ts-1e3	5	0	984af14b8fb9	1
chaos_heurrandom_ts-1e3	6	0	35055200e04c	1
chaos_heurrandom_ts-1e3	7	0	78499fadd6f5	1
chaos_heurrandom_ts-1e3	8	0	63c80f2dca87	1
chaos_heurrandom_ts-1e3	9	0	1a1884835566	1
chaos_heurrandom_ts-1e3	10	0	5d5563f1e835	1
chaos_heurrandom_ts-1e3	11	0	d973dd4701b7	1
chaos_heurrandom_ts-1e3	12	0	49793c44fbfe	1
chaos_heurrandom_ts-1e3	13	0	64eede341906	1
chaos_heurrandom_ts-1e3	14	0	5276e34b3569	1
chaos_heurrandom_ts-1e3	15	0	3f32ffcfd714	1
chaos_heurrandom_ts-1e3	16	0	807c9b026055	1
chaos_heurrandom_ts-1e3	17	0	2520b994f594	1
chaos_heurrandom_ts-1e3	18	0	c2d1fe17d604	1
chaos_heurrandom_ts-1e3	19	0	fd39ab42fb23	1
chaos_heurrandom_ts-1e3	20	0	beed37ccd44a	1
chaos_heurrandom_ts-1e3	21	0	a3193c60652d	1
chaos_heurrandom_ts-1e3	22	0	06e77c5c83d2	1
chaos_heurrandom_ts-1e3	23	0	611faa790930	1
chaos_heurrandom_ts-1e3	24	0	971f62b0034a	1
chaos_heurrandom_ts-1e3	25	0	6d919fa82c92	1
chaos_heurrandom_ts-1e3	26	0	5397356f2922	1
chaos_heurrandom_ts-1e3	27	0	32b0f86c638e	1
chaos_heurrandom_ts-1e3	28	0	45e0f4ce6413	1
chaos_heurrandom_ts-1e3	29	0	d42f9a7287bf	1
chaos_heurrandom_ts-1e3	30	0	9942f2ddbaed	1
