cell,backend,corpus,guest_source,tier,Z,E,selfdet,selfdet_runs,selfdet_pairs,selfdet_differing_pairs,golden_selfdet,Y_raw,cover_raw,uncovered_raw,inserted_raw,Y_hex,cover_hex,uncovered_hex,inserted_hex,cover_hex_pct,selfdet_distinct_classes,selfdet_class_sizes,inherited,engagement,matrix_sample_selfdet,note
notsc,ptrace,w27-tsc probe,"scratch/w27-tsc/notsc.c, gcc -O0",byte-identical,96,96,1 class over 30 runs (30),30,435,0,1 class(es) over 30 runs (30),96,96,0,0,96,96,0,0,100.0,1,30,,reference,,
notsc,kvm,w27-tsc probe,"scratch/w27-tsc/notsc.c, gcc -O0",diverges,96,96,1 class over 30 runs (30),30,435,0,1 class(es) over 30 runs (30),6,40,56,56,9,84,12,12,87.5,1,30,,launching guest through reverie-kvm,,
notsc,dbi,w27-tsc probe,"scratch/w27-tsc/notsc.c, gcc -O0",self-nondeterministic,96,94,30 classes over 30 runs (1|1|1|1|1|1|1|1|1|1|1|1|1|1|1|1|1|1|1|1|1|1|1|1|1|1|1|1|1|1),30,435,435,1 class(es) over 30 runs (30),,,,,,,,,,30,1|1|1|1|1|1|1|1|1|1|1|1|1|1|1|1|1|1|1|1|1|1|1|1|1|1|1|1|1|1,,"Detcore Tool active; running ""./notsc"" under DynamoRIO",,parity WITHHELD: a stream that differs from itself cannot be said to differ from the golden by a definite amount
notsc,sabre,w27-tsc probe,"scratch/w27-tsc/notsc.c, gcc -O0",diverges,96,79,1 class over 30 runs (30),30,435,0,1 class(es) over 30 runs (30),4,6,90,73,4,8,88,71,8.3,1,30,,ptrace_fallback_sites=0 trusted_shared_object_sites=0 guest_rpc_observed=true,,
notsc,e9patch,w27-tsc probe,"scratch/w27-tsc/notsc.c, gcc -O0",not-exercised,96,96,1 class over 30 runs (30),30,435,0,1 class(es) over 30 runs (30),,,,,,,,,,1,30,"INHERITED from the attached ptrace runtime — e9patch is ELF preprocessing, not a backend; its determinism is the ptracer's",candidate_sites=0; mapped_sites=0; b0_sites=0; instruction_map_cache=Hit; rewrite_cache=not-applicable; artifact_sha256=none,,the backend ran but its own witness says it transformed nothing; any agreement here belongs to the fallback path
notsc,liteinst,w27-tsc probe,"scratch/w27-tsc/notsc.c, gcc -O0",diverges,96,832,1 class over 30 runs (30),30,435,0,1 class(es) over 30 runs (30),6,27,69,805,10,47,49,785,49.0,1,30,,preload_refs=3,,
detlog_syscalls,ptrace,ci-hub/parity pinned reference guest,ci-hub/parity/guests/detlog_syscalls.c,byte-identical,336,336,1 class over 30 runs (30),30,435,0,1 class(es) over 30 runs (30),336,336,0,0,336,336,0,0,100.0,1,30,,reference,,
detlog_syscalls,kvm,ci-hub/parity pinned reference guest,ci-hub/parity/guests/detlog_syscalls.c,diverges,336,336,1 class over 30 runs (30),30,435,0,1 class(es) over 30 runs (30),6,216,120,120,9,292,44,44,86.9,1,30,,launching guest through reverie-kvm,,
detlog_syscalls,dbi,ci-hub/parity pinned reference guest,ci-hub/parity/guests/detlog_syscalls.c,self-nondeterministic,336,334,30 classes over 30 runs (1|1|1|1|1|1|1|1|1|1|1|1|1|1|1|1|1|1|1|1|1|1|1|1|1|1|1|1|1|1),30,435,435,1 class(es) over 30 runs (30),,,,,,,,,,30,1|1|1|1|1|1|1|1|1|1|1|1|1|1|1|1|1|1|1|1|1|1|1|1|1|1|1|1|1|1,,"Detcore Tool active; running ""./pg/detlog_syscalls"" under Dy",,parity WITHHELD: a stream that differs from itself cannot be said to differ from the golden by a definite amount
detlog_syscalls,sabre,ci-hub/parity pinned reference guest,ci-hub/parity/guests/detlog_syscalls.c,diverges,336,313,1 class over 30 runs (30),30,435,0,1 class(es) over 30 runs (30),4,78,258,235,4,110,226,203,32.7,1,30,,ptrace_fallback_sites=0 trusted_shared_object_sites=0 guest_rpc_observed=true,,
detlog_syscalls,e9patch,ci-hub/parity pinned reference guest,ci-hub/parity/guests/detlog_syscalls.c,not-exercised,336,336,1 class over 30 runs (30),30,435,0,1 class(es) over 30 runs (30),,,,,,,,,,1,30,"INHERITED from the attached ptrace runtime — e9patch is ELF preprocessing, not a backend; its determinism is the ptracer's",candidate_sites=0; mapped_sites=0; b0_sites=0; instruction_map_cache=Hit; rewrite_cache=not-applicable; artifact_sha256=none,,the backend ran but its own witness says it transformed nothing; any agreement here belongs to the fallback path
detlog_syscalls,liteinst,ci-hub/parity pinned reference guest,ci-hub/parity/guests/detlog_syscalls.c,self-nondeterministic,336,1074,2 classes over 30 runs (21|9),30,435,189,1 class(es) over 30 runs (30),,,,,,,,,,2,21|9,,preload_refs=3,,parity WITHHELD: a stream that differs from itself cannot be said to differ from the golden by a definite amount
heap_fragment_reuse,ptrace,ci-hub/parity pinned reference guest,ci-hub/parity/guests/heap_fragment_reuse.c,byte-identical,98,98,1 class over 30 runs (30),30,435,0,1 class(es) over 30 runs (30),98,98,0,0,98,98,0,0,100.0,1,30,,reference,,
heap_fragment_reuse,kvm,ci-hub/parity pinned reference guest,ci-hub/parity/guests/heap_fragment_reuse.c,diverges,98,98,1 class over 30 runs (30),30,435,0,1 class(es) over 30 runs (30),6,42,56,56,9,86,12,12,87.8,1,30,,launching guest through reverie-kvm,,
heap_fragment_reuse,dbi,ci-hub/parity pinned reference guest,ci-hub/parity/guests/heap_fragment_reuse.c,self-nondeterministic,98,96,30 classes over 30 runs (1|1|1|1|1|1|1|1|1|1|1|1|1|1|1|1|1|1|1|1|1|1|1|1|1|1|1|1|1|1),30,435,435,1 class(es) over 30 runs (30),,,,,,,,,,30,1|1|1|1|1|1|1|1|1|1|1|1|1|1|1|1|1|1|1|1|1|1|1|1|1|1|1|1|1|1,,"Detcore Tool active; running ""./pg/heap_fragment_reuse"" unde",,parity WITHHELD: a stream that differs from itself cannot be said to differ from the golden by a definite amount
heap_fragment_reuse,sabre,ci-hub/parity pinned reference guest,ci-hub/parity/guests/heap_fragment_reuse.c,diverges,98,81,1 class over 30 runs (30),30,435,0,1 class(es) over 30 runs (30),4,6,92,75,4,19,79,62,19.4,1,30,,ptrace_fallback_sites=0 trusted_shared_object_sites=0 guest_rpc_observed=true,,
heap_fragment_reuse,e9patch,ci-hub/parity pinned reference guest,ci-hub/parity/guests/heap_fragment_reuse.c,not-exercised,98,98,1 class over 30 runs (30),30,435,0,1 class(es) over 30 runs (30),,,,,,,,,,1,30,"INHERITED from the attached ptrace runtime — e9patch is ELF preprocessing, not a backend; its determinism is the ptracer's",candidate_sites=0; mapped_sites=0; b0_sites=0; instruction_map_cache=Hit; rewrite_cache=not-applicable; artifact_sha256=none,,the backend ran but its own witness says it transformed nothing; any agreement here belongs to the fallback path
heap_fragment_reuse,liteinst,ci-hub/parity pinned reference guest,ci-hub/parity/guests/heap_fragment_reuse.c,diverges,98,836,1 class over 30 runs (30),30,435,0,1 class(es) over 30 runs (30),6,28,70,808,10,51,47,785,52.0,1,30,,preload_refs=3,,
stack_deep_recursion,ptrace,ci-hub/parity pinned reference guest,ci-hub/parity/guests/stack_deep_recursion.c,byte-identical,80,80,1 class over 30 runs (30),30,435,0,1 class(es) over 30 runs (30),80,80,0,0,80,80,0,0,100.0,1,30,,reference,,
stack_deep_recursion,kvm,ci-hub/parity pinned reference guest,ci-hub/parity/guests/stack_deep_recursion.c,diverges,80,80,1 class over 30 runs (30),30,435,0,1 class(es) over 30 runs (30),6,24,56,56,9,68,12,12,85.0,1,30,,launching guest through reverie-kvm,,
stack_deep_recursion,dbi,ci-hub/parity pinned reference guest,ci-hub/parity/guests/stack_deep_recursion.c,self-nondeterministic,80,78,30 classes over 30 runs (1|1|1|1|1|1|1|1|1|1|1|1|1|1|1|1|1|1|1|1|1|1|1|1|1|1|1|1|1|1),30,435,435,1 class(es) over 30 runs (30),,,,,,,,,,30,1|1|1|1|1|1|1|1|1|1|1|1|1|1|1|1|1|1|1|1|1|1|1|1|1|1|1|1|1|1,,"Detcore Tool active; running ""./pg/stack_deep_recursion"" und",,parity WITHHELD: a stream that differs from itself cannot be said to differ from the golden by a definite amount
stack_deep_recursion,sabre,ci-hub/parity pinned reference guest,ci-hub/parity/guests/stack_deep_recursion.c,diverges,80,63,1 class over 30 runs (30),30,435,0,1 class(es) over 30 runs (30),4,6,74,57,4,8,72,55,10.0,1,30,,ptrace_fallback_sites=0 trusted_shared_object_sites=0 guest_rpc_observed=true,,
stack_deep_recursion,e9patch,ci-hub/parity pinned reference guest,ci-hub/parity/guests/stack_deep_recursion.c,not-exercised,80,80,1 class over 30 runs (30),30,435,0,1 class(es) over 30 runs (30),,,,,,,,,,1,30,"INHERITED from the attached ptrace runtime — e9patch is ELF preprocessing, not a backend; its determinism is the ptracer's",candidate_sites=0; mapped_sites=0; b0_sites=0; instruction_map_cache=Hit; rewrite_cache=not-applicable; artifact_sha256=none,,the backend ran but its own witness says it transformed nothing; any agreement here belongs to the fallback path
stack_deep_recursion,liteinst,ci-hub/parity pinned reference guest,ci-hub/parity/guests/stack_deep_recursion.c,diverges,80,818,1 class over 30 runs (30),30,435,0,1 class(es) over 30 runs (30),6,21,59,797,10,39,41,779,48.8,1,30,,preload_refs=3,,
stdout_bytes,ptrace,ci-hub/parity pinned reference guest,ci-hub/parity/guests/stdout_bytes.c,byte-identical,82,82,1 class over 30 runs (30),30,435,0,1 class(es) over 30 runs (30),82,82,0,0,82,82,0,0,100.0,1,30,,reference,,
stdout_bytes,kvm,ci-hub/parity pinned reference guest,ci-hub/parity/guests/stdout_bytes.c,diverges,82,82,1 class over 30 runs (30),30,435,0,1 class(es) over 30 runs (30),6,26,56,56,9,70,12,12,85.4,1,30,,launching guest through reverie-kvm,,
stdout_bytes,dbi,ci-hub/parity pinned reference guest,ci-hub/parity/guests/stdout_bytes.c,self-nondeterministic,82,80,30 classes over 30 runs (1|1|1|1|1|1|1|1|1|1|1|1|1|1|1|1|1|1|1|1|1|1|1|1|1|1|1|1|1|1),30,435,435,1 class(es) over 30 runs (30),,,,,,,,,,30,1|1|1|1|1|1|1|1|1|1|1|1|1|1|1|1|1|1|1|1|1|1|1|1|1|1|1|1|1|1,,"Detcore Tool active; running ""./pg/stdout_bytes"" under Dynam",,parity WITHHELD: a stream that differs from itself cannot be said to differ from the golden by a definite amount
stdout_bytes,sabre,ci-hub/parity pinned reference guest,ci-hub/parity/guests/stdout_bytes.c,diverges,82,65,1 class over 30 runs (30),30,435,0,1 class(es) over 30 runs (30),4,6,76,59,4,9,73,56,11.0,1,30,,ptrace_fallback_sites=0 trusted_shared_object_sites=0 guest_rpc_observed=true,,
stdout_bytes,e9patch,ci-hub/parity pinned reference guest,ci-hub/parity/guests/stdout_bytes.c,not-exercised,82,82,1 class over 30 runs (30),30,435,0,1 class(es) over 30 runs (30),,,,,,,,,,1,30,"INHERITED from the attached ptrace runtime — e9patch is ELF preprocessing, not a backend; its determinism is the ptracer's",candidate_sites=0; mapped_sites=0; b0_sites=0; instruction_map_cache=Hit; rewrite_cache=not-applicable; artifact_sha256=none,,the backend ran but its own witness says it transformed nothing; any agreement here belongs to the fallback path
stdout_bytes,liteinst,ci-hub/parity pinned reference guest,ci-hub/parity/guests/stdout_bytes.c,diverges,82,820,1 class over 30 runs (30),30,435,0,1 class(es) over 30 runs (30),6,21,61,799,10,40,42,780,48.8,1,30,,preload_refs=3,,
bin_true,ptrace,system binary,/bin/true,byte-identical,68,68,1 class over 30 runs (30),30,435,0,1 class(es) over 30 runs (30),68,68,0,0,68,68,0,0,100.0,1,30,,reference,,
bin_true,kvm,system binary,/bin/true,diverges,68,68,1 class over 30 runs (30),30,435,0,1 class(es) over 30 runs (30),5,15,53,53,5,55,13,13,80.9,1,30,,launching guest through reverie-kvm,,
bin_true,dbi,system binary,/bin/true,self-nondeterministic,68,68,30 classes over 30 runs (1|1|1|1|1|1|1|1|1|1|1|1|1|1|1|1|1|1|1|1|1|1|1|1|1|1|1|1|1|1),30,435,435,1 class(es) over 30 runs (30),,,,,,,,,,30,1|1|1|1|1|1|1|1|1|1|1|1|1|1|1|1|1|1|1|1|1|1|1|1|1|1|1|1|1|1,,"Detcore Tool active; running ""/bin/true"" under DynamoRIO",,parity WITHHELD: a stream that differs from itself cannot be said to differ from the golden by a definite amount
bin_true,sabre,system binary,/bin/true,diverges,68,47,1 class over 30 runs (30),30,435,0,1 class(es) over 30 runs (30),4,5,63,42,4,5,63,42,7.4,1,30,,ptrace_fallback_sites=0 trusted_shared_object_sites=0 guest_rpc_observed=true,,
bin_true,e9patch,system binary,/bin/true,not-exercised,68,68,1 class over 30 runs (30),30,435,0,1 class(es) over 30 runs (30),,,,,,,,,,1,30,"INHERITED from the attached ptrace runtime — e9patch is ELF preprocessing, not a backend; its determinism is the ptracer's",candidate_sites=0; mapped_sites=0; b0_sites=0; instruction_map_cache=Hit; rewrite_cache=not-applicable; artifact_sha256=none,,the backend ran but its own witness says it transformed nothing; any agreement here belongs to the fallback path
bin_true,liteinst,system binary,/bin/true,diverges,68,804,1 class over 30 runs (30),30,435,0,1 class(es) over 30 runs (30),6,19,49,785,10,36,32,768,52.9,1,30,,preload_refs=3,,
bin_echo,ptrace,system binary,/bin/echo,byte-identical,84,84,1 class over 30 runs (30),30,435,0,1 class(es) over 30 runs (30),84,84,0,0,84,84,0,0,100.0,1,30,,reference,,
bin_echo,kvm,system binary,/bin/echo,diverges,84,84,1 class over 30 runs (30),30,435,0,1 class(es) over 30 runs (30),5,20,64,64,5,69,15,15,82.1,1,30,,launching guest through reverie-kvm,,
bin_echo,dbi,system binary,/bin/echo,self-nondeterministic,84,82,30 classes over 30 runs (1|1|1|1|1|1|1|1|1|1|1|1|1|1|1|1|1|1|1|1|1|1|1|1|1|1|1|1|1|1),30,435,435,1 class(es) over 30 runs (30),,,,,,,,,,30,1|1|1|1|1|1|1|1|1|1|1|1|1|1|1|1|1|1|1|1|1|1|1|1|1|1|1|1|1|1,,"Detcore Tool active; running ""/bin/echo"" under DynamoRIO",,parity WITHHELD: a stream that differs from itself cannot be said to differ from the golden by a definite amount
bin_echo,sabre,system binary,/bin/echo,diverges,84,67,1 class over 30 runs (30),30,435,0,1 class(es) over 30 runs (30),4,8,76,59,4,12,72,55,14.3,1,30,,ptrace_fallback_sites=0 trusted_shared_object_sites=0 guest_rpc_observed=true,,
bin_echo,e9patch,system binary,/bin/echo,not-exercised,84,84,1 class over 30 runs (30),30,435,0,1 class(es) over 30 runs (30),,,,,,,,,,1,30,"INHERITED from the attached ptrace runtime — e9patch is ELF preprocessing, not a backend; its determinism is the ptracer's",candidate_sites=0; mapped_sites=0; b0_sites=0; instruction_map_cache=Hit; rewrite_cache=not-applicable; artifact_sha256=none,,the backend ran but its own witness says it transformed nothing; any agreement here belongs to the fallback path
bin_echo,liteinst,system binary,/bin/echo,diverges,84,814,1 class over 30 runs (30),30,435,0,1 class(es) over 30 runs (30),6,23,61,791,10,44,40,770,52.4,1,30,,preload_refs=3,,
